Wall time,Step,Value
1587447193.3009343,31767,-419.0
1587448509.2638466,51260,-28.0
1587448514.994491,51304,-20.0
1587449478.226623,61760,-5.0
1587449804.0593636,64256,-4.0
1587450050.666153,66540,-5.0
1587450244.5479698,68542,-2.0
1587451060.4233077,76393,-46.0
1587451540.9334803,81719,-5.0
1587451648.7950757,82665,-130.0
1587451986.6191325,86182,-3.0
1587452353.9384642,89527,-4.0
1587452557.6252775,91460,-12.0
1587452702.8967323,92681,-5.0
1587453169.7552116,97301,-4.0
1587453352.2122087,99256,-3.0
1587454178.6668026,108933,-2.0
1587454325.384609,110195,-6.0
1587454326.235778,110201,-4.0
1587454345.4357917,110406,-13.0
1587454361.5725644,110550,-8.0
1587454578.4145908,113134,-5.0
1587454839.0068521,115847,-2.0
1587454860.8766992,116018,-3.0
1587456245.3808138,128793,-5.0
1587457444.2098656,142417,0.0
1587457796.1347997,146298,-6.0
1587458467.9890678,152043,-2.0
1587459378.261917,161449,-21.0
1587460259.1989374,172191,-2.0
1587460565.2651598,176353,-3.0
1587460698.748967,177432,-32.0
1587461170.9089744,181646,-2.0
1587461309.0684147,182917,-4.0
1587461886.0800695,188498,-2.0
1587462177.0079696,191533,0.0
1587463255.3967834,203615,0.0
1587464152.7403865,212190,-5.0
1587464345.8925605,214358,-12.0
1587464363.3858566,214514,-9.0
1587464659.8524926,217493,-3.0
1587464939.7297528,220793,-1.0
1587465493.4170427,226087,-4.0
1587465541.56704,226502,-14.0
1587465764.402046,228452,-4.0
1587465798.092378,228741,-16.0
1587465922.2494795,229921,-4.0
1587466170.8161457,232645,-2.0
1587466208.7060695,232947,-6.0
1587466313.079901,233779,-2.0
1587466361.5229447,234141,-2.0
1587466380.680501,234276,-7.0
1587466648.1700692,236645,-5.0
1587466677.9072173,236843,-2.0
1587467319.881086,242814,-1.0
1587468576.1073613,257102,-1.0
1587469044.8411138,262624,-5.0
1587469735.7877803,269117,-1.0
1587469937.4984193,271299,-2.0
1587470021.0770576,272005,-2.0
1587471272.2603054,285057,-4.0
1587471836.9837053,290835,-7.0
1587472038.0751908,293265,-6.0
1587472272.9467587,295581,-4.0
1587472278.837252,295624,-6.0
1587472342.2458863,296170,-3.0
1587472501.341755,297874,-5.0
1587472916.8653228,301794,-5.0
1587473025.793055,302695,-2.0
1587473112.0324833,303400,-14.0
1587473266.812697,305195,-13.0
1587473367.4599423,306078,-5.0
1587473680.2319596,308863,-3.0
1587473846.2052634,310286,-3.0
1587474084.4270873,312368,-7.0
1587474527.5092814,316910,-4.0
1587474677.010421,318194,-7.0
1587475051.689085,321222,-5.0
1587475191.407471,322584,0.0
1587475425.162342,324841,1.0
1587475504.2264817,325512,-10.0
1587476455.4026754,335077,-3.0
1587476644.156386,336903,0.0
1587476649.191309,336933,-2.0
1587477353.781498,344917,0.0
1587477672.4777892,347590,-1.0
1587477745.225481,348196,-4.0
1587480061.5332258,369938,-4.0
1587480207.9015365,371575,-25.0
1587480542.7815318,374757,-7.0
1587480715.9410415,376924,-2.0
1587480934.5466454,379266,-12.0
1587480948.3098507,379376,-5.0
1587482099.4456048,390271,-15.0
1587482853.7403593,398082,-5.0
1587483441.4621184,404604,-51.0
1587484415.6794434,415606,-10.0
1587485417.3059335,424067,-2.0
1587485566.3522158,425322,-10.0
1587485857.100334,428056,-5.0
1587485916.5843961,428663,-6.0
1587487708.2574096,448454,-5.0
1587488212.9270759,453635,0.0
1587488499.980744,456300,-6.0
1587490972.073287,479857,-20.0
1587492098.6023805,490245,-4.0
1587492666.0412922,494873,-12.0
1587492830.7758136,496180,-5.0
1587493561.892252,502271,-4.0
1587493660.257176,503013,-4.0
1587495238.8965576,520446,-15.0
1587496460.2144213,533421,-1.0
1587496893.2769928,537696,-3.0
1587497182.0566285,540140,-4.0
1587497900.3903623,546764,-12.0
1587498212.4599907,549560,-3.0
1587498252.8954723,549895,-2.0
1587498309.0799427,550429,-4.0
1587498503.5385866,552176,-2.0
1587498800.3366048,555099,-6.0
1587500225.1270447,570048,-6.0
1587500255.6992323,570311,-5.0
1587501876.9832199,585482,-10.0
1587502363.506283,589443,-6.0
1587502890.945896,594143,-3.0
1587503084.6321404,596712,-30.0
1587503137.7245212,597191,-11.0
1587503932.0642009,605204,-8.0
1587504389.968372,609638,-1.0
1587504962.9879801,615025,-6.0
1587505079.6058428,615950,-2.0
1587505861.398371,623737,-5.0
1587506721.4072564,631287,-6.0
1587506891.3843732,632778,-16.0
1587507212.4658964,635470,-2.0
1587507224.802296,635550,-4.0
1587507569.6442332,638393,-1.0
1587507864.54008,640882,-4.0
1587508156.3128731,643594,-17.0
1587508213.8527045,644150,-55.0
1587508410.5231783,645790,-2.0
1587508694.8368757,648251,-6.0
1587508753.7312164,648710,-5.0
1587509210.4264145,653986,-37.0
1587509501.1608472,656232,-4.0
1587510334.1469219,663368,-16.0
1587510717.757252,666556,-36.0
1587510774.7850146,666957,-5.0
1587511478.3740098,673234,-19.0
1587512557.1671736,682967,-13.0
1587512706.615584,684542,-2.0
1587512868.1279252,686166,-4.0
1587512954.5149515,686906,-2.0
1587513061.6919453,687884,-2.0
1587513301.8860707,690137,-2.0
1587513438.780447,691383,-14.0
1587513792.3786612,694380,-10.0
1587514179.0040848,699012,-9.0
1587514798.986037,704488,-98.0
1587515020.9318647,706329,-10.0
1587515093.6476502,707025,-5.0
1587515725.0748491,713964,-1.0
1587516229.8879297,718886,-15.0
1587516899.6736343,725232,-57.0
1587517261.9430845,728304,-9.0
1587517424.4288225,729585,-6.0
1587518477.8393545,740237,-15.0
1587518742.1808007,742557,-7.0
1587519179.2526894,746522,-4.0
1587519239.818448,746998,-3.0
1587519311.6040027,747612,-5.0
1587519339.574055,747847,-1.0
1587519357.7449617,748010,-11.0
1587519596.1564667,750017,-9.0
1587519607.477595,750135,-4.0
1587519816.3513463,751907,-3.0
1587519905.064233,752701,-7.0
1587520048.2845886,753995,-29.0
1587520103.0349116,754429,-14.0
1587520347.0506022,756306,-29.0
1587520361.4829514,756440,-27.0
1587520575.215352,758209,0.0
1587521410.8985767,768244,-3.0
1587521895.9268227,773124,-5.0
1587522474.32148,778453,-16.0
1587522540.3826091,779018,-2.0
1587523962.1190228,791481,-11.0
1587524147.8523204,792979,0.0
1587524690.4838448,798045,-5.0
1587524981.8212426,800813,-8.0
1587525008.9787426,801026,-12.0
1587525704.4527593,807028,-3.0
1587526873.3826377,817254,-4.0
1587527141.9927742,819499,0.0
1587527207.6423166,820066,-24.0
1587527251.0927389,820365,-7.0
1587527443.7641995,822197,-5.0
1587528215.1444824,829537,-4.0
1587528574.1498468,832999,-9.0
1587528919.8277302,835575,-3.0
1587529216.3564427,837939,-49.0
1587529376.007297,839278,-19.0
1587529376.8751104,839284,-4.0
1587529475.2056012,840230,-3.0
1587529952.644832,844185,-6.0
1587530104.7802103,845502,-28.0
1587530163.4885046,845950,-4.0
1587530582.999337,849273,-3.0
1587531643.2905903,859156,-1.0
1587531897.8486702,861294,-3.0
1587532839.910454,869777,-1.0
1587533388.774953,874888,-4.0
1587533571.9989944,876449,-1.0
1587534024.846211,880868,-2.0
1587534154.8301783,881835,0.0
1587534604.5393922,886256,-2.0
1587534810.0895019,888529,-14.0
1587534822.6237586,888621,-8.0
1587535139.9404802,891922,-4.0
1587535739.3115168,898123,-3.0
1587536016.2379336,901119,-9.0
1587536653.463198,906860,-5.0
1587536679.0830715,907095,-3.0
1587536800.8917248,908146,-2.0
1587538343.220326,922787,-9.0
1587538497.658598,924281,-10.0
1587539254.7170942,931477,-2.0
1587539280.3893414,931688,-7.0
1587539393.5702603,932553,0.0
1587539489.524818,933403,-4.0
1587540029.7875953,938468,-16.0
1587540917.9734218,947574,-4.0
1587541236.402287,950838,-92.0
1587541749.5745199,955774,-4.0
1587542622.4472759,963721,-8.0
1587542833.057895,965653,-3.0
1587543474.4876506,971432,-3.0
1587543574.4373689,972322,-7.0
1587543903.2735434,975328,-5.0
1587543997.466874,976213,0.0
1587544878.9844754,984509,-3.0
1587544907.7163477,984696,-11.0
1587546885.4463398,1003682,-20.0
1587547255.4457014,1008053,-2.0
1587547988.5482123,1016495,-9.0
1587548097.9224021,1017829,0.0
1587548467.1804092,1021142,-2.0
1587548667.7873108,1022950,0.0
1587549060.9143102,1026242,-15.0
1587549240.7640028,1027615,-7.0
1587549412.8394637,1029387,-5.0
1587549983.139169,1036000,-3.0
1587550530.6371725,1040683,-3.0
1587551312.3845704,1048304,-20.0
1587551599.4778194,1050823,-13.0
1587551717.9778023,1052079,-3.0
1587551970.384821,1054200,-2.0
1587551978.9115906,1054245,0.0
1587552256.2620215,1056832,-1.0
1587552279.6486158,1057043,-5.0
1587552749.3011787,1062378,-4.0
1587553106.6885023,1065254,-1.0
1587553152.4587388,1065640,-29.0
1587554256.072703,1075796,-35.0
1587554354.825549,1076657,-4.0
1587554427.3906767,1077173,-2.0
1587554732.6784434,1079878,-2.0
1587554961.9842427,1082342,-5.0
1587556842.8399956,1106826,-12.0
1587557328.1076536,1111545,-31.0
1587557614.1023457,1114264,-3.0
1587558032.0273476,1118693,-7.0
1587558310.0253966,1121440,-54.0
1587558801.8338566,1126489,-5.0
1587558818.5343664,1126627,-1.0
1587559493.8228626,1132274,-3.0
1587559494.556955,1132278,-2.0
1587559623.281262,1133449,-2.0
1587560367.8780131,1139766,-2.0
1587561094.6428928,1146715,-11.0
1587561176.4399319,1147576,-4.0
1587562267.1774263,1159689,-4.0
1587562340.197121,1160269,-9.0
1587562773.4699922,1164557,-30.0
1587563072.9161174,1167500,-9.0
1587563183.21204,1168363,-3.0
1587563549.0795608,1171178,0.0
1587564117.9915538,1176830,-6.0
1587564575.4644,1180369,-2.0
1587564586.070147,1180440,-4.0
1587564912.870836,1183520,0.0
1587565995.3673875,1192490,-1.0
1587566003.1835449,1192536,-2.0
1587567065.5212662,1202035,-16.0
1587567360.9303627,1204911,-14.0
1587567494.0000613,1205908,-3.0
1587567525.4164696,1206153,-8.0
1587568479.965603,1215249,-19.0
1587568622.5009916,1216640,-11.0
1587568789.2889178,1218049,-18.0
1587569892.0359817,1227412,-5.0
1587570538.2818236,1234131,-19.0
1587570761.882581,1236004,0.0
1587570942.6529193,1237758,-6.0
1587571056.2666981,1238589,-3.0
1587571429.4738257,1242464,-8.0
1587571694.792993,1244634,-19.0
1587571895.2435055,1246201,-27.0
1587572358.8636312,1250508,-2.0
1587572741.0420291,1253526,-1.0
1587573034.5723846,1256130,-6.0
1587573257.385749,1257928,-4.0
1587573363.475288,1259076,-5.0
1587574104.0913947,1265184,-16.0
1587574286.2920156,1266738,-4.0
1587574439.6112704,1268028,-3.0
1587574672.6811337,1270048,-4.0
1587574836.585353,1271668,-12.0
1587575283.8923016,1276506,-6.0
1587576143.167869,1284477,-19.0
1587576252.1317666,1285527,-10.0
1587576448.053916,1287255,-5.0
1587576627.6375852,1288660,-8.0
1587576763.681204,1289979,-6.0
1587577249.9462163,1293753,0.0
1587577297.9311962,1294146,-5.0
1587577412.206937,1295198,-13.0
1587578097.1872003,1301358,-83.0
1587578302.6877773,1303507,-6.0
1587578895.4472847,1308372,-3.0
1587579868.5346036,1316998,-5.0
1587580349.6114104,1322148,-6.0
1587580544.7130463,1323938,-5.0
1587581501.4304912,1333764,-4.0
1587581559.143162,1334279,-6.0
1587581566.7002032,1334344,-4.0
1587581575.7115803,1334417,-20.0
1587581632.861754,1334968,-2.0
1587581855.0477488,1337523,-2.0
1587581953.483724,1338421,-2.0
1587581967.8303304,1338534,-5.0
1587581990.5429065,1338710,-6.0
1587585287.364129,1368112,-10.0
1587585396.228791,1368968,-4.0
1587586151.4222245,1374794,-5.0
1587586233.8458877,1375945,-6.0
1587586754.191619,1380546,-98.0
1587587531.638123,1388385,-4.0
1587588068.8289976,1393551,-10.0
1587588098.4999502,1393781,-3.0
1587589229.527309,1403215,-3.0
1587589709.252623,1407703,-16.0
1587589849.9678125,1409003,-2.0
1587590116.9492764,1411228,-5.0
1587590255.0944374,1412472,-1.0
1587591039.9159994,1419567,-13.0
1587591546.3855088,1423833,-8.0
1587591585.3496263,1424167,-3.0
1587592932.905788,1436324,-28.0
1587593063.7936194,1437472,-4.0
1587593443.2141707,1441403,-2.0
1587595788.2699027,1464494,-8.0
1587596061.2062962,1466688,-11.0
1587596158.0015955,1467522,-9.0
1587596271.047104,1468603,-8.0
1587596627.406577,1471609,-7.0
1587596681.758905,1472104,-7.0
1587596756.9825757,1472789,-6.0
1587597373.666761,1479181,-2.0
1587597970.1530983,1484075,-7.0
1587598115.0084255,1485207,0.0
1587599212.6294549,1494583,-2.0
1587603582.3876104,1549973,-26.0
1587605156.3161767,1570842,-4.0
1587605160.8680203,1570894,-10.0
1587605737.8973165,1576451,-3.0
1587606028.4414973,1579228,-3.0
1587606041.883825,1579342,-2.0
1587606053.6875792,1579448,-1.0
1587606198.40618,1580736,-2.0
1587606426.8594387,1583494,-2.0
1587609150.8289433,1609415,-5.0
1587609159.9946232,1609494,-1.0
1587609999.674858,1617889,-3.0
1587610088.9524007,1618660,-8.0
1587610105.0028157,1618827,-4.0
1587610189.7537951,1619547,-3.0
1587611671.2572114,1632677,-4.0
1587612208.0001092,1636892,-2.0
1587612242.9978786,1637300,-330.0
1587612275.9502378,1637579,-43.0
1587612375.7978392,1638612,-1.0
1587612508.4174833,1639912,-1.0
1587613167.1419637,1646996,0.0
1587613282.0941148,1648263,-3.0
1587613598.136693,1651018,-5.0
1587613687.0469449,1651796,-5.0
1587613803.1504967,1652811,-5.0
1587614072.774109,1655433,-15.0
1587614225.5955513,1656854,-6.0
1587614308.6856656,1657494,-9.0
1587614720.7678084,1661065,-2.0
1587615734.2902575,1671226,-2.0
1587615823.9239583,1672063,-5.0
1587615924.6023254,1673219,-14.0
1587616224.4824803,1675946,-3.0
1587616804.1766698,1682086,-3.0
1587616870.6516457,1682607,-3.0
1587617681.3196905,1689462,-3.0
1587617811.923713,1690712,-2.0
1587620081.4893806,1710906,-4.0
1587620316.326854,1712961,-1.0
1587620964.374208,1719423,0.0
1587621234.265433,1721687,-14.0
1587622120.660097,1730232,-5.0
1587623726.8442752,1745862,-2.0
1587623946.0083668,1747747,-12.0
1587625777.3519685,1766551,-1320.0
1587626591.3125389,1774113,0.0
1587627269.0717118,1780802,-6.0
1587627911.439098,1786378,-11.0
1587628001.5648236,1787200,-8.0
1587628147.6186206,1788710,-4.0
1587628610.5588799,1793064,-4.0
1587628748.2751312,1794602,-6.0
1587629122.2897978,1798975,-3.0
1587629306.278188,1801128,-5.0
1587629620.535855,1804250,-30.0
1587631318.3925138,1820851,-1.0
1587631468.1369345,1822147,-3.0
1587631808.006947,1825835,-6.0
1587632437.0328455,1831778,-7.0
1587632656.910377,1834562,-1.0
1587632877.7619898,1836900,-22.0
1587633185.598101,1839936,-7.0
1587635336.2149293,1863207,-8.0
1587635536.0924923,1865411,-2.0
1587635546.0099087,1865499,-7.0
1587635950.55106,1869335,-3.0
1587636519.7129164,1874120,-9.0
1587636799.9568365,1877010,-4.0
1587637423.6944315,1883399,-2.0
1587637478.3796408,1883867,-5.0
1587637522.779354,1884436,-3.0
1587637738.9734254,1886416,-99.0
1587638262.270741,1891361,-3.0
1587638549.3769405,1894283,-9.0
1587638563.8926473,1894391,-10.0
1587638999.459145,1899533,-2.0
1587639536.7701445,1904530,0.0
1587639565.2954712,1904734,-5.0
1587639646.7754388,1905392,-11.0
1587640097.9265509,1909950,-3.0
1587640103.685187,1909992,-11.0
1587640179.3069973,1910650,-8.0
1587640664.1710396,1915399,-13.0
1587641079.1611786,1919417,-1.0
1587641183.1241286,1920226,-31.0
1587641590.6999414,1924107,-4.0
1587642507.387044,1933398,-9.0
1587642668.15706,1934768,-3.0
1587642782.2653077,1935754,-1.0
1587643025.3546429,1937743,-3.0
1587643032.3168552,1937804,-10.0
1587643153.8064563,1939243,-13.0
1587643329.252599,1940790,-10.0
1587643911.2589836,1945971,0.0
1587643936.7965393,1946193,-15.0
1587643976.324539,1946511,-7.0
1587644782.9786026,1954254,-1.0
1587644789.1579287,1954302,-4.0
1587644835.8142717,1954664,-3.0
1587644988.639853,1955925,-3.0
1587645571.1735337,1961163,-2.0
1587645638.0633287,1961850,-2.0
1587645649.550401,1961922,-3.0
1587645714.2000759,1962523,-3.0
1587645753.0214746,1962853,-1.0
1587645757.3912485,1962886,-6.0
1587645932.476643,1964575,-47.0
1587646087.1774247,1966333,-404.0
1587646451.5071266,1970447,-1.0
1587647256.2288568,1977835,-12.0
1587647406.6650867,1979101,-1.0
1587647736.1098933,1982036,-6.0
1587647914.40003,1983804,-1.0
1587648734.7202983,1991193,-4.0
1587649026.384133,1993875,-3.0
1587650412.11932,2007598,-5.0
1587650791.1902487,2011014,-9.0
1587650824.9122388,2011258,-2.0
1587651178.0316167,2014874,-10.0
1587651656.05078,2019842,-10.0
1587651832.3976457,2021539,-2.0
1587651858.7799253,2021739,-11.0
1587651876.1252854,2021862,-2.0
1587652244.2410114,2024991,-3.0
1587652376.0451713,2026089,-9.0
1587653425.8052607,2037653,-13.0
1587654495.0189664,2046551,-5.0
1587655335.3679717,2055138,-1.0
1587655508.3880885,2056771,-1.0
1587655673.639357,2058247,-20.0
1587655841.4419022,2059648,-17.0
1587655850.9342356,2059695,-6.0
1587656395.0786583,2065680,-9.0
1587656956.3071122,2071235,-4.0
1587657038.0823934,2071927,-7.0
1587657323.9838371,2074679,-3.0
1587657358.4698112,2074969,-7.0
1587657453.6078272,2075851,-10.0
1587658516.7970967,2085948,-4.0
1587658995.114098,2090633,-4.0
1587660535.1357663,2107907,-21.0
1587660683.9611228,2109596,-6.0
1587661348.7733195,2115569,-12.0
1587663120.2718515,2133350,-8.0
1587663385.526347,2135476,-4.0
1587663493.1511946,2136306,-7.0
1587663775.2682207,2138567,-6.0
1587663859.2405193,2139240,-10.0
1587664300.4047446,2143177,-5.0
1587665677.6930017,2157639,-2.0
1587665909.7196615,2159727,0.0
1587665956.8933835,2160108,-4.0
1587666030.3849206,2160898,-1.0
1587666056.3623457,2161219,-316.0
1587666463.8543913,2165849,0.0
1587666591.4922605,2166899,-3.0
1587666701.026406,2167773,-4.0
1587666872.542763,2169436,-6.0
1587666879.4475436,2169479,-4.0
1587667090.7073534,2171519,-4.0
1587668254.7713215,2181911,0.0
1587668277.3365548,2182072,-3.0
1587669116.3751206,2189159,-18.0
1587669725.5607011,2195041,-16.0
1587670036.059589,2197628,-9.0
1587670156.879741,2198677,-11.0
1587670292.7214918,2199680,0.0
1587671364.2306285,2209207,-10.0
1587671777.8879988,2213268,0.0
1587671926.5651815,2214593,-4.0
1587672542.9468684,2221013,-2.0
1587672693.5347323,2222177,-1.0
1587672938.8062954,2224326,-10.0
1587673611.90384,2230882,-3.0
1587673628.879741,2230990,-5.0
1587673632.7550416,2231020,-5.0
1587674385.5874598,2238218,-3.0
1587674941.1465697,2244804,-13.0
1587675365.3901522,2249785,-1.0
1587676562.1617923,2262897,-9.0
1587676571.795323,2262962,-7.0
1587676688.0402386,2264009,-3.0
1587677208.1395738,2268480,-2.0
1587677821.2594519,2274367,-3.0
1587678640.0016246,2281760,-6.0
1587678650.635338,2281821,-9.0
1587678803.099746,2283144,-4.0
1587678833.5082595,2283349,0.0
1587679220.1328037,2287464,-8.0
1587679837.8658593,2292779,-34.0
1587680772.4366481,2301544,-8.0
1587680979.4398882,2303369,-11.0
1587681013.6185443,2303649,-7.0
1587682551.7410665,2318328,-5.0
1587682739.5471175,2320004,-8.0
1587683038.8528607,2322570,-3.0
1587683213.085887,2323999,0.0
1587683455.462925,2325916,-4.0
1587683799.4942474,2328573,-6.0
1587684181.988555,2331783,-3.0
1587684786.564857,2337913,-3.0
1587685630.6039503,2346218,-8.0
1587685900.7165878,2348585,-43.0
1587687285.36514,2360597,-7.0
1587687872.0410464,2366129,-1.0
1587688609.1768913,2372104,-2.0
1587690212.3101723,2386736,-19.0
1587692365.9599671,2406726,-7.0
1587692378.405352,2406817,-4.0
1587692567.5374813,2408550,-56.0
1587693016.8166986,2413216,-25.0
1587694910.5692842,2431322,-215.0
1587695487.3465967,2436949,-5.0
1587695496.0451167,2437049,-10.0
1587695821.1229966,2440293,-5.0
1587695854.794365,2440566,0.0
1587696351.4927273,2446469,-14.0
1587696520.9260187,2447938,-8.0
1587696559.439606,2448226,-5.0
1587696677.595997,2449290,-6.0
1587697356.4619071,2456277,-4.0
1587698440.5872254,2468215,-2.0
1587698658.8475032,2470156,-43.0
1587698786.621812,2471859,-1.0
1587698798.8062549,2471994,-6.0
1587700169.1148748,2484763,-4.0
1587702005.2200007,2502674,-121.0
1587702761.2413096,2509766,0.0
1587702781.7562928,2509907,-1.0
1587703000.5158334,2511776,-3.0
1587703243.1494722,2513835,-29.0
1587703422.4492545,2515314,-5.0
1587703524.5687914,2516102,-8.0
1587703657.7686648,2517213,-14.0
1587703947.4631388,2519701,-3.0
1587704880.4853902,2529735,-1.0
1587705790.0910995,2538551,-12.0
1587706127.0102863,2541562,-12.0
1587706475.910032,2544418,-4.0
1587706854.024801,2547958,0.0
1587707191.9150531,2550822,-4.0
1587709337.9071333,2571903,-4.0
1587709341.4709733,2571931,-2.0
1587709754.5764866,2575122,-9.0
1587709913.5993862,2576830,-1.0
1587709945.3394516,2577106,-9.0
1587710009.1405041,2577615,-50.0
1587710120.99786,2578762,-2.0
1587710265.4001148,2580369,-3.0
1587711358.255266,2591436,-5.0
1587711380.0643013,2591623,-8.0
1587711430.1957235,2592045,-1.0
1587712749.0258403,2604354,-11.0
1587713357.666161,2610590,0.0
1587713523.3621368,2612130,-19.0
1587713779.645035,2614400,0.0
1587714096.3576472,2617448,-2.0
1587714437.4106066,2621638,-3.0
1587714543.4888082,2622558,-9.0
1587714720.6206155,2624307,-9.0
1587715027.3909009,2626927,-8.0
1587715466.2481618,2630627,-1.0
1587716179.1140752,2636915,-3.0
1587717353.8002143,2648436,-1.0
1587717780.8612845,2652540,-15.0
1587718165.5554156,2657071,0.0
1587719034.077367,2665544,-4.0
1587719815.5748937,2672817,-61.0
1587720205.3398914,2676867,-85.0
1587720512.90351,2680006,-1.0
1587721057.6158736,2685130,0.0
1587721808.028428,2692961,-2.0
1587722000.6582248,2694533,-4.0
1587722592.8875098,2699787,-3.0
1587722596.5442913,2699815,-3.0
1587722772.6669586,2701228,-1.0
1587723845.1905234,2710975,-3.0
1587724240.3346663,2714760,-7.0
1587724596.4072523,2718080,-5.0
1587724792.9209106,2719874,-8.0
1587724804.6217875,2719976,-11.0
1587726743.6635892,2739009,-4.0
1587726797.9637609,2739591,-7.0
1587726933.1289856,2740694,-4.0
1587727226.1942477,2743309,-1.0
1587727300.688289,2743914,-3.0
1587727740.4023468,2747788,-5.0
1587727747.1049054,2747837,-7.0
1587727853.7465706,2748890,-2.0
1587727905.065093,2749494,-13.0
1587728478.869375,2755044,-5.0
1587729373.7354317,2762853,-2.0
1587729413.5403645,2763173,-7.0
1587729416.3989391,2763197,-12.0
1587729616.9452772,2765194,-1.0
1587729734.1283324,2766156,-2.0
1587729779.2540371,2766562,-6.0
1587730166.2109783,2771448,-6.0
1587730922.7423458,2779896,-3.0
1587731042.4050312,2781245,-21.0
1587731382.1111953,2784741,-2.0
1587732062.3441422,2792215,-4.0
1587732167.8256018,2793175,0.0
1587732265.01375,2794134,-18.0
1587732727.3594546,2798132,-8.0
1587733217.275587,2803144,-1.0
1587733480.4622538,2805689,-12.0
1587734052.9488049,2810850,-16.0
1587735411.516886,2824891,-4.0
1587735475.9703255,2825390,-5.0
1587737023.1386738,2844156,-3.0
1587737938.2315705,2852992,-8.0
1587738109.0442915,2854628,0.0
1587739037.5509455,2862461,-4.0
1587739129.5482235,2863245,-4.0
1587739158.295451,2863466,-2.0
1587739263.9839513,2864357,-5.0
1587739431.3863401,2865842,-7.0
1587739557.077933,2866937,-2.0
1587739604.866289,2867312,-5.0
1587739664.6580677,2867848,0.0
1587740247.6458623,2872979,-1.0
1587740352.3607192,2873908,-1.0
1587740442.2275684,2874862,-11.0
1587740540.4214845,2875678,-3.0
1587741525.2352362,2886178,-4.0
1587742127.0095847,2893676,-1.0
1587742438.0962987,2896627,-73.0
1587743173.0690956,2904677,-5.0
1587743492.91711,2907466,-4.0
1587743711.0054011,2909593,-3.0
1587743831.565713,2910599,-6.0
1587743872.7981358,2910960,-17.0
1587744101.019685,2913308,-5.0
1587744263.1255631,2914965,-2.0
1587744543.6873577,2917797,-11.0
1587744885.3615632,2921043,-1.0
1587745923.488463,2930682,0.0
1587746208.5198998,2933338,-7.0
1587746496.126313,2936039,-2.0
1587746764.533845,2938565,-17.0
1587747339.6877928,2943795,-3.0
1587747553.0340323,2945926,-7.0
1587747568.2522805,2946028,-1.0
1587747573.424232,2946068,-4.0
1587747721.5407312,2947807,-152.0
1587748152.1243272,2951893,-3.0
1587748236.3223329,2952635,-9.0
1587748499.0868194,2954847,-5.0
1587748586.8267536,2955628,0.0
1587749483.5131414,2963544,-6.0
1587749626.4720438,2964878,-3.0
1587750114.5246866,2969237,-5.0
1587750693.6924999,2974914,-6.0
1587750740.1539457,2975277,-7.0
1587750841.8618164,2976078,-2.0
1587750914.1442618,2976716,-3.0
1587751031.721077,2978098,-8.0
1587752145.9530063,2987714,-33.0
1587752838.997295,2994360,-1.0
1587752954.322929,2995155,0.0
1587753820.5274124,3003739,-8.0
1587754508.6888268,3010350,-2.0
1587755009.8261485,3014729,-1.0
1587755579.94358,3019624,-8.0
1587755594.1013768,3019794,-134.0
1587755886.5452847,3022210,-9.0
1587757157.9983418,3034123,-3.0
1587757185.722192,3034352,-4.0
1587757294.9466584,3035306,-2.0
1587758167.8237221,3044327,-10.0
1587758469.8812985,3047265,-16.0
1587758890.2211432,3050694,-1.0
1587759067.241226,3052116,-7.0
1587759134.3583615,3052589,-3.0
1587760516.0338483,3064062,-3.0
1587760860.7571225,3067289,-1.0
1587760868.0070484,3067339,-1.0
1587761739.5046175,3075156,-3.0
1587762355.9482005,3080218,-4.0
1587762592.7909575,3082122,-4.0
1587763159.0304792,3087140,-5.0
1587763816.250284,3092822,-12.0
1587764072.8088152,3094897,-2.0
1587764633.261837,3100089,-3.0
1587765177.31576,3106821,0.0
1587766172.1731892,3116305,-5.0
1587766750.7748096,3121746,-4.0
1587767219.5789716,3126665,-8.0
1587767232.6971273,3126789,-29.0
1587768247.1264975,3137283,-3.0
1587768391.9145124,3138510,-11.0
1587769079.035255,3145091,-4.0
1587769205.9925334,3146154,-8.0
1587769239.70347,3146401,-1.0
1587769339.1894112,3147423,-4.0
1587769439.4713845,3148565,-3.0
1587769771.2485967,3152058,-9.0
1587770168.042253,3156161,-5.0
1587770471.2289708,3158446,-4.0
1587770507.875587,3158732,-38.0
1587771776.7507527,3169798,-4.0
1587771839.6510847,3170265,0.0
1587771947.577514,3171052,-2.0
1587772359.8919423,3174382,-3.0
1587772887.5331624,3178745,-4.0
1587772941.7444384,3179256,-11.0
1587773305.8076093,3182075,-15.0
1587776292.2143455,3210272,-2.0
1587776698.5791001,3214145,-7.0
1587777407.410726,3221433,-1.0
1587777942.7656305,3226663,-18.0
1587778089.2568107,3228229,-14.0
1587778636.8076773,3233251,0.0
1587778904.1932023,3235532,-5.0
1587778934.0669394,3235724,-2.0
1587778996.250229,3236298,-2.0
1587779731.2173676,3243783,-2.0
1587779752.3708081,3243935,-7.0
1587779848.7284322,3244681,-1.0
1587780098.9226267,3246990,-1.0
1587780191.5836017,3247680,-4.0
1587780764.7666216,3253430,-3.0
1587780827.8824055,3254087,-85.0
1587781842.972542,3264963,-2.0
1587781847.5149584,3265007,-16.0
1587783045.5274408,3277132,-7.0
1587783151.775648,3278100,-10.0
1587783856.667171,3284761,-3.0
1587784209.3714917,3287787,-2.0
1587784508.7811384,3290454,0.0
1587784951.1856265,3295602,-2.0
1587785013.0751038,3296244,-10.0
1587785792.633794,3304835,-2.0
1587785877.2519126,3305524,-2.0
1587785948.20767,3306146,-2.0
1587786039.0765035,3306888,-13.0
1587786069.9638605,3307117,-1.0
1587786128.4697933,3307571,-1.0
1587786345.7202237,3309514,-2.0
1587786674.0408807,3312685,-2.0
1587787314.5435634,3317680,-3.0
1587787597.8208761,3320181,-6.0
1587787806.9425807,3322128,1.0
1587788209.2041888,3325968,-15.0
1587788632.0142093,3329618,-7.0
1587788839.5055554,3331099,-5.0
1587789380.8061054,3335643,-4.0
1587789945.1946845,3339995,-6.0
1587790026.300992,3340663,-43.0
1587790603.138289,3345031,-11.0
1587790726.2374012,3345882,0.0
1587791718.895842,3356372,-3.0
1587792233.7750258,3362658,-3.0
1587792721.4387653,3367166,-40.0
1587793686.623996,3376719,-2.0
1587794069.0591016,3380346,-2.0
1587794259.7602167,3381901,-22.0
1587794360.498373,3382867,-2.0
1587795058.8620324,3389587,-3.0
1587795403.220747,3392814,-3.0
1587795448.778744,3393160,-6.0
1587796039.7125566,3398623,-3.0
1587796167.5887384,3399778,-4.0
1587797586.4676874,3414972,0.0
1587797665.857628,3415703,-4.0
1587797769.4526336,3416590,-4.0
1587797830.0207489,3417104,-7.0
1587797849.6997488,3417242,-12.0
1587798998.8283474,3427842,-4.0
1587800017.857025,3436944,-2.0
1587800808.2864015,3445091,-1.0
1587801104.9446003,3447609,-10.0
1587801143.5362906,3447927,-5.0
1587801397.417732,3450019,-5.0
1587801737.8077855,3454059,-8.0
1587802396.958299,3460048,-5.0
1587802506.8212636,3460976,-7.0
1587802740.766281,3463299,-4.0
1587802888.6471772,3464512,-7.0
1587803190.9547675,3467053,-1.0
1587803296.7051225,3467943,-6.0
1587804372.4599137,3478654,-11.0
1587804992.2690725,3484780,-5.0
1587805514.9508483,3491125,-5.0
1587806147.2320461,3497813,-8.0
1587806431.638482,3500525,-7.0
1587807738.565823,3512151,0.0
1587808030.54026,3514873,-5.0
1587809538.752304,3529893,-5.0
1587809583.8429296,3530327,-17.0
1587809639.4675162,3530795,-4.0
1587809642.245687,3530819,-7.0
1587810163.787237,3535296,-19.0
1587810185.2705846,3535467,-2.0
1587810402.0468166,3537356,0.0
1587811322.3240912,3545869,0.0
1587811876.444817,3551172,-1.0
1587811896.871838,3551348,0.0
1587811944.4092937,3551756,-5.0
1587812361.2455297,3556399,-5.0
1587812846.0548136,3562289,-4.0
1587813073.0989454,3564587,-10.0
1587813570.6554992,3569448,-4.0
1587813627.4581509,3569840,-7.0
1587814811.042465,3579372,-9.0
1587814865.7617142,3579788,-13.0
1587814922.6762998,3580289,-2.0
1587814987.797034,3580941,-6.0
1587815736.982665,3588915,-3.0
1587816447.1793315,3596756,-44.0
1587816613.229978,3598182,-20.0
1587816623.91194,3598258,-10.0
1587816683.222156,3598805,-2.0
1587817275.391642,3603952,0.0
1587817470.474488,3605807,0.0
1587817783.3739588,3608926,-3.0
1587817971.6098676,3610631,-7.0
1587817976.5258756,3610657,-5.0
1587818275.7620025,3614100,-1.0
1587818973.3216662,3619750,-5.0
1587819810.4307756,3628425,-19.0
1587820096.116844,3630994,-115.0
1587820270.413135,3632950,-6.0
1587821315.8250492,3643249,-9.0
1587821351.8315501,3643590,-28.0
1587821818.8334725,3648629,-4.0
1587822080.4949431,3651633,-8.0
1587822903.7564454,3659992,0.0
1587823063.3152504,3661311,-2.0
1587823092.3238823,3661518,-14.0
1587823129.2445133,3661860,-4.0
1587823356.6995633,3664166,-31.0
1587823977.2099724,3670197,-5.0
1587824473.7975893,3674829,-8.0
1587824843.2000277,3678261,-2.0
1587824918.063633,3678870,0.0
1587825212.10561,3681556,-5.0
1587826376.975242,3692376,-6.0
1587826483.8731205,3693225,-3.0
1587827065.4737113,3699252,-4.0
1587827104.4334958,3699523,0.0
1587827206.3552945,3700359,-8.0
1587827216.392873,3700476,-77.0
1587827295.6164038,3701200,-5.0
1587827320.9702659,3701358,-3.0
1587827786.6287508,3705212,-469.0
1587828520.4721954,3711685,-4.0
1587829037.606669,3716823,0.0
1587829530.270176,3720656,-4.0
1587829741.986813,3722403,-4.0
1587829927.7517438,3724022,-5.0
1587830339.2123876,3728192,-7.0
1587831435.3551521,3738249,-4.0
1587832163.025088,3744360,-2.0
1587832697.6497073,3749320,-6.0
1587833847.428412,3760904,-1.0
1587834310.4674656,3765024,-4.0
1587834563.8343186,3766955,-22.0
1587834573.3718214,3767032,-9.0
1587835652.7234359,3776638,-5.0
1587836188.5714042,3780799,-10.0
1587836382.8580244,3782397,-1.0
1587837521.063781,3792794,-5.0
1587837537.4853702,3792902,-5.0
1587837784.854253,3795187,-30.0
1587838313.6842587,3800554,-7.0
1587838364.8122668,3800952,-7.0
1587838614.7677567,3803163,-9.0
1587839597.9885874,3812349,-1.0
1587839816.4528584,3814335,-9.0
1587840443.0954273,3820131,-5.0
1587840491.8460765,3820525,-2.0
1587840540.4386656,3820920,-3.0
1587840554.5946007,3821015,-3.0
1587840575.7041652,3821162,-11.0
1587841045.429372,3826369,-4.0
1587841065.745639,3826544,0.0
1587841774.1908667,3833203,-5.0
1587842457.384375,3839751,-6.0
1587842964.448669,3844360,-2.0
1587843024.06172,3844883,-4.0
1587843311.6085079,3847439,-85.0
1587843314.7919092,3847470,-4.0
1587843681.5719423,3850806,-9.0
1587843704.4626925,3851011,-4.0
1587843707.6785378,3851033,0.0
1587843732.0298846,3851236,-8.0
1587843814.592899,3851956,-2.0
1587844452.761972,3858340,-2.0
1587845866.5362852,3870902,-6.0
1587845873.9250326,3870952,-3.0
1587845953.4848592,3871884,-4.0
1587846218.2726834,3874154,-1.0
1587847109.2666543,3881513,-19.0
1587848579.9484892,3895949,-2.0
1587848667.9378748,3897045,-6.0
1587848880.994635,3899249,-4.0
1587849065.111393,3901076,-9.0
1587849176.4789412,3902430,-624.0
1587849246.9337747,3903220,-8.0
1587851232.1182966,3921636,-5.0
1587851275.8173223,3922020,-4.0
1587851589.437585,3924941,-4.0
1587851776.815761,3926687,-1.0
1587851917.6950605,3928220,-12.0
1587852278.721289,3931242,0.0
1587852598.7241871,3934195,-8.0
1587852731.6257572,3935578,-5.0
1587852758.2346642,3935815,-7.0
1587852777.5448947,3935942,-4.0
1587852856.4815428,3936542,-7.0
1587854036.4757564,3946599,-1.0
1587854124.7506673,3947340,-8.0
1587854401.1133597,3949860,-4.0
1587855000.2171655,3956321,-2.0
1587855171.0436702,3958041,-10.0
1587855682.8436925,3962645,-6.0
1587856035.7680416,3965725,-5.0
1587856367.1346486,3969040,-2.0
1587856830.3663697,3973764,-5.0
1587857041.086722,3975321,-5.0
1587857192.5823174,3976395,-9.0
1587858106.1017632,3986242,-2.0
1587858208.6480408,3987180,-3.0
1587858803.414953,3992143,-87.0
1587859575.7243402,3999932,-3.0
